{
  "arm": "ibm10_polish_on",
  "polish_enabled": true,
  "wall_min": 36.847273207630494,
  "proxy": 1.119820237159729,
  "overlap_count": 0,
  "delta_vs_sa_pct": -0.24451090709473822,
  "improved_count": 469
}